timestamp,senamhi_flow,senamhi_level,velocimetry
1748581217000,25.4183,0.19,"[1.422316738798794, 1.5231905112475603, 1.6794091684510362, 1.8104397601038271, 2.048063946100353, 2.275285051972639, 2.426238177555199, 2.477957661258709, 2.3086660596707773, 2.121797478433039, 2.0099869108832236, 1.6298913867711184, 1.3456365777228747, 1.2395732759939233, 0.940403153607313, 0.8199016983830976, 0.8569977295672622]"
1748584821000,24.7461,0.18,"[1.3899164792286873, 1.5128193876657459, 1.637818837846694, 1.7899589862644385, 2.0412184339501662, 2.2471109396830404, 2.4005478306305164, 2.431667961504097, 2.296633126877839, 2.1181071561991236, 1.9870287790593957, 1.6290771319512143, 1.3645158368102723, 1.217751375450167, 0.9530969322172779, 0.8213331998539893, 0.7336544384061945]"
1748588416000,24.0738,0.17,"[1.3998547377993913, 1.5109711157574002, 1.5916720705272136, 1.7237545164826746, 1.96882536810797, 2.174885471688796, 2.358090751569039, 2.152569566664161, 2.149157272752231, 2.1080554154582396, 2.0130909564209056, 1.580263918298774, 1.302356613112635, 1.1225770780282291, 0.8158464765167863, 0.7239665620616063, 0.8765385539540558]"
1748592016000,24.41,0.17,"[1.394569904387838, 1.5103612688735228, 1.6059371453565572, 1.7329847772265188, 1.9886488983469772, 2.211746596223283, 2.3670565181916645, 2.196929490319734, 2.2056564667069587, 2.1311938071306744, 2.034287893051938, 1.638444878529687, 1.3209668627111897, 1.1578692729301905, 0.8596073338149385, 0.7518390349328714, 0.6488763900475893]"
1748595617000,24.41,0.17,"[1.4220592753631955, 1.5114008162544101, 1.6104608107854281, 1.7432258016774662, 1.9912724043075507, 2.230968889989526, 2.397944721911558, 2.253288409925504, 2.1957126574293224, 2.10075715319962, 2.0044890559232926, 1.6212490427797581, 1.3258169584878399, 1.2027025821818222, 0.8913284691739117, 0.7541239923245883, 0.9955880995521958]"
1748599217000,24.41,0.17,"[1.4404158587473572, 1.5189864178783603, 1.6215752408495379, 1.761741321296726, 2.0003260346058482, 2.2368828245782972, 2.4237376508975, 2.2906227559281707, 2.2189865013632457, 2.1108272133192783, 2.002696374399075, 1.6207644172607576, 1.3370545315093805, 1.1813880664355332, 0.8780296365775215, 0.769148389771527, 0.8870672533443587]"
1748602816000,24.41,0.17,"[1.371723925305029, 1.4771197150169402, 1.5726863247932856, 1.7146310202045358, 1.9772944048119718, 2.2096743783607335, 2.356519722864833, 2.199267544827335, 2.2804251855160933, 2.2314691418665786, 2.0623838251405244, 1.7132530565646997, 1.425698978767792, 1.2045032779931244, 0.855029539624374, 0.7719404677956475, 0.6209892630172766]"
1748606416000,23.7377,0.16,"[1.0328948222893273, 1.1181740033005345, 1.2919862737036767, 1.6477867405996052, 2.1426978126183824, 2.4285894976898157, 2.379801100276086, 2.130269805403009, 2.2406376583400984, 2.3650130494608974, 2.323635366364194, 2.10508663320875, 1.9750270110180852, 1.4956876613202723, 0.9909930912107093, 0.8514946253916134, 0.7055041911787108]"
1748610017000,23.7377,0.155,"[1.0981789697200366, 1.166080152544608, 1.3646650822935835, 1.6843495437487175, 2.1915620820450807, 2.4467346853406107, 2.4096561845547146, 2.148323454235639, 2.293015621265282, 2.388459059850702, 2.3503157170387463, 2.1190935080351587, 2.0056895167921205, 1.5225487905159176, 0.9952113635226763, 0.8719983907760162, 0.7272969904035534]"
1748613617000,23.7377,0.155,"[1.1165304952889736, 1.1759969539787167, 1.3748656882232164, 1.7607180591300948, 2.198126692400933, 2.4426974022969956, 2.4264068538929227, 2.2552968747696474, 2.357466445210305, 2.416992921519591, 2.336636057214181, 2.0318231539509277, 1.8593979555661542, 1.5424106796481376, 1.0312556624546763, 0.8865144458365671, 0.7316540225898952]"
1748617217000,23.7377,0.155,"[1.1493894009514005, 1.1659548668365551, 1.3843497916272924, 1.7626600513104234, 2.1966832972703556, 2.4435201393164334, 2.418351389390717, 2.177168479060214, 2.2872469599111254, 2.3756726268119834, 2.3007887705019665, 2.0399890752315275, 1.8084720096470446, 1.432057027010949, 0.9929791183384867, 0.8776946303547293, 0.7572947484975656]"
1748620816000,23.7377,0.155,"[1.135989625903815, 1.1468462011293616, 1.3676899035929033, 1.716230803000788, 2.133307255522476, 2.4126328906826147, 2.3888036090201386, 2.1208228865156737, 2.235698323500751, 2.3258884458838054, 2.254059258873424, 1.9850789207760993, 1.7858065511599128, 1.4475911108369617, 0.9570846557836323, 0.8573980060716152, 0.749240277520463]"
1748624416000,23.7377,0.155,"[1.2098401965977765, 1.18968734177813, 1.3473970056245645, 1.7052910995568809, 2.1576389845244957, 2.42861774654474, 2.3691036239079786, 2.0878912068715834, 2.2637891976772115, 2.3230518400333784, 2.239224953764592, 2.046461297355746, 1.8937281979624594, 1.3373414191945674, 0.9294946841307764, 0.8416094682022515, 0.7169318828708456]"
1748628016000,23.7377,0.155,"[1.1594202062305943, 1.1913829241615246, 1.3893242887259163, 1.7188674837383646, 2.190999354500974, 2.4259620891934794, 2.3759434252834826, 2.152758495307018, 2.2607175022774078, 2.331502974046655, 2.3047346463868568, 2.1115183173840992, 1.8711684545061869, 1.3845133719699936, 0.9726283473852434, 0.8203105521559273, 0.750362164249432]"
1748631616000,24.41,0.165,"[1.176642171911133, 1.2538232419467814, 1.4459184411543164, 1.7919078067211192, 2.2168077476902326, 2.4288409299894376, 2.451288121085325, 2.365819219365255, 2.4082298975768066, 2.4161506236016335, 2.3577856365512666, 2.1215778081844108, 1.9199155181841825, 1.5278898274497248, 1.051319607632947, 0.933423144372536, 0.8767902532414436]"
1748635217000,24.41,0.165,"[1.0876412521960723, 1.1871618535413007, 1.391163060743199, 1.7796993559246888, 2.254105405740276, 2.4390925803295014, 2.4089008870888593, 2.2558331107241902, 2.3172008229250145, 2.3632479609834935, 2.3399560214864996, 2.231795214177035, 2.0931205232891545, 1.638672723152497, 1.0282614648908175, 0.9386681648736052, 0.8317266013612712]"
1748638816000,24.41,0.165,"[1.0415337065736854, 1.159125568982172, 1.3744510693699592, 1.7040699027084034, 2.1872455629565133, 2.4422930254510837, 2.4311904807782154, 2.296442530841675, 2.3502716441739495, 2.416555690635339, 2.407655852546348, 2.270246120797227, 2.0684741799853583, 1.5538306704917364, 1.0613047989838393, 0.9431791023038818, 0.8124248570366597]"
1748642416000,24.41,0.165,"[1.0293948351520763, 1.1539658566735194, 1.3339069548103892, 1.62876643497624, 2.150153184277457, 2.418481512678943, 2.4031341017316605, 2.248095856381744, 2.3028648712273783, 2.3808920558937654, 2.3777749241150996, 2.2191323457950825, 2.0273544032284043, 1.5196246584329336, 1.0377752948170906, 0.9133061849682482, 0.7858963507091963]"
1748646017000,24.41,0.165,"[1.1255045470044127, 1.1274949174461786, 1.2575644190709923, 1.4815240506570144, 1.8658009413920729, 2.161494919090584, 2.258934319075096, 2.1195059335949793, 2.2189326424948326, 2.1953315346121016, 2.018741349149611, 1.7698128537485287, 1.6333135431794854, 1.262222637471674, 0.7904804142579062, 0.751403696268959, 0.5614826671427479]"
1748649617000,24.41,0.165,"[1.3548917643714635, 1.5137486938159617, 1.6536564375687515, 1.7746421082206272, 2.0257521175734565, 2.2480123852501186, 2.3997900780081713, 2.3848105278860876, 2.251628559082231, 2.103614900059152, 1.9923359092198023, 1.6285136278007097, 1.3411438023781994, 1.2180944781904983, 0.9341194968234428, 0.8042570137704006, 0.8493241223609523]"
1748653216000,24.41,0.165,"[1.3999912138034947, 1.551038829515685, 1.67995158374754, 1.8087409451761418, 2.045839200214465, 2.240670478731373, 2.4234971155992153, 2.422764661733061, 2.2028453617033157, 2.0261517037402044, 1.9215541405797125, 1.5696189291100346, 1.3048990231810662, 1.1967542322460023, 0.9108205547239352, 0.8267430661318101, 0.8286335677898716]"
1748656817000,25.0822,0.175,"[1.3892672773286687, 1.521236940003803, 1.677484367790296, 1.8042498877675721, 2.0583538924252833, 2.254603477198974, 2.4348878387633888, 2.5150728906832747, 2.2665773541464267, 2.0531139386194677, 1.9400813844138591, 1.592437689879997, 1.3606886592250396, 1.260909354679416, 0.982644710611128, 0.8368438529420964, 0.846607785999959]"
1748660417000,27.7712,0.215,"[1.4497398308942064, 1.575930502688015, 1.7374180314161982, 1.9044920027661816, 2.1811199828103565, 2.4094335618163947, 2.4827503955867507, 2.592910032120073, 2.533430716822298, 2.242187303678626, 2.1415625462313885, 1.7968616539722027, 1.4850446106617503, 1.3501117612136755, 1.1175097979914603, 0.922881331607811, 0.9437125227834675]"
1748664016000,30.4601,0.255,"[1.4177314425457856, 1.6107935182262798, 1.797095613382753, 2.0192525909606167, 2.262100078355685, 2.4853477199069745, 2.4891155060236665, 2.609415608771493, 2.659769529019138, 2.4858769752310104, 2.3618441004987147, 1.9924978436900411, 1.6496445271006928, 1.440446327159854, 1.1847161589347261, 0.9436068838848979, 1.0095815369407708]"
1748667616000,30.124,0.25,"[1.427681432214022, 1.5934315997541728, 1.7636225482998569, 1.9753861786889217, 2.2431298531981785, 2.480681020538017, 2.51410447896908, 2.628399912240058, 2.6583099017432166, 2.438843114878916, 2.3215878845875815, 1.9957754001196617, 1.6531470988940857, 1.437263785830246, 1.1856268869282212, 0.9511464473937893, 0.9680556834211738]"
1748671221000,30.124,0.25,"[1.4449613671916313, 1.6110906149263131, 1.7750888796305078, 1.9682115193650496, 2.2266002071632056, 2.4891632538879387, 2.523475946149302, 2.6202556287460146, 2.6760720484184053, 2.471311327186165, 2.331109577231303, 2.0166862501830556, 1.7061558188629233, 1.4885987011188655, 1.2377694818134848, 0.9608443972542327, 0.9010799954631257]"
1748674816000,29.4518,0.24,"[1.4216314375138022, 1.590348666789089, 1.7350535521588766, 1.9065046701975539, 2.178321823518854, 2.408089920904634, 2.477958393727877, 2.5928361175845707, 2.6142208613512863, 2.3122166953667675, 2.161280410798146, 1.8459922280475174, 1.535979318436615, 1.3753329644750087, 1.1286232315737448, 0.8929069145790672, 0.981790031749417]"
1748678416000,32.9891,0.18,"[1.41155183919355, 1.5242779750046824, 1.6403493539883949, 1.768386469175688, 2.025442976930147, 2.2374427618483845, 2.3892797201112015, 2.4027953337315835, 2.2965589782504563, 2.1196478276861153, 2.0051595700660214, 1.6390082321593087, 1.3710010370566945, 1.2298403088228584, 0.9368415198560593, 0.8047352490871534, 0.8802444729301432]"
1748682017000,31.749,0.16,"[1.4119965238606056, 1.5137835995677802, 1.6030795184575002, 1.7319144440339194, 1.9730442817622291, 2.1883588186590597, 2.340161554382769, 2.227468687528857, 2.1843736500834434, 2.097653195023019, 2.029912460795464, 1.6597969365555003, 1.3514848002824604, 1.2337245591573642, 0.8315693646885013, 0.7161734267748076, 0.8426663641034894]"
1748685617000,31.749,0.16,"[1.4444443911371054, 1.5846650806189875, 1.7026032871625751, 1.8454134614740665, 2.068820303947075, 2.3291610866292984, 2.6092243402567967, 2.499518386302428, 2.0773877496252484, 2.0051678164243256, 1.933571954060291, 1.620772363937039, 1.2648507483394384, 1.104778003023303, 0.8337341326511172, 0.8515325256062781, 0.9888685608105859]"
1748689216000,31.1289,0.15,"[1.4176842942715464, 1.470017573746172, 1.5303862256195975, 1.658663396013323, 1.9466568792612482, 2.172989638753138, 2.330648447552671, 2.1753746754654273, 2.2723892486330834, 2.2702615120250704, 2.0800614865616978, 1.7130548693269576, 1.4450151666539113, 1.1990461565695212, 0.7949743268429147, 0.7225159730867897, 0.6240326426578969]"
1748692816000,31.1289,0.15,"[0.9130093192029459, 1.0945553789221623, 1.306926712714994, 1.6816429724657553, 2.130976411385291, 2.3885982031295905, 2.37342642776632, 2.196128505751624, 2.2091780537544414, 2.3304312947354107, 2.324890493686124, 2.143666077094249, 1.9559735890048908, 1.4795279529277676, 0.9901953443852398, 0.8441113003141744, 0.7714859144085393]"
1748696417000,31.1289,0.15,"[1.2135024273777764, 1.181745945198212, 1.4273553687825857, 1.7640836036508571, 2.1207815884767003, 2.3825308323242447, 2.3636940042526717, 2.135132123921941, 2.235121832405236, 2.3621294939758446, 2.3005691063142275, 2.0116376176474478, 1.8475041135914068, 1.4025840043065378, 0.9876714954927261, 0.8397663555882279, 0.7364865031074136]"
1748700017000,31.1289,0.15,"[1.138051058303047, 1.172376775720155, 1.424582693582294, 1.776191765261668, 2.167564182536152, 2.398057303907256, 2.4000492296978093, 2.23376069467906, 2.328685822492794, 2.3817725455120047, 2.313793178021749, 2.03015637513339, 1.8784782927215962, 1.5040363344780252, 1.0135030034446884, 0.8721287275184374, 0.7445365400509422]"
1748703616000,31.1289,0.15,"[1.1685216471616755, 1.2169569728715983, 1.45371149190892, 1.8121246637478832, 2.1834908185095427, 2.4145190092521704, 2.4189216674021443, 2.207754100767668, 2.328894064558721, 2.3685669875820983, 2.269158939376618, 1.9857091045495059, 1.7535871958882252, 1.4482644489090704, 0.9964056119254765, 0.8959545410893174, 0.7946883259265839]"
1748707216000,31.749,0.16,"[1.1852888728057345, 1.2486777062008396, 1.4929617970195455, 1.8164607154002268, 2.166565653282869, 2.386165911441183, 2.448916057318945, 2.385557271856981, 2.453859069481323, 2.43043634301819, 2.306927343813212, 2.048983093836105, 1.8844639499341698, 1.5282475799082338, 1.0569327270703976, 0.9469727757998357, 0.863266397181829]"
1748710817000,31.749,0.16,"[1.1773738014167894, 1.2458382932555054, 1.48477174962032, 1.8077515575232064, 2.172554502784458, 2.409475705992735, 2.4582126374581277, 2.350462120654587, 2.4030914678995052, 2.4056698541535075, 2.3148098747367087, 2.128531463882009, 1.9745350668312158, 1.4579352866896458, 1.0066829402344852, 0.9190150136576374, 0.7768151314565512]"
1748714416000,31.749,0.16,"[1.1697326004759636, 1.236992324868235, 1.4596408279015078, 1.8081594194389448, 2.1655619642098793, 2.3866667654758933, 2.4464732145165784, 2.366702658839596, 2.4400235873585334, 2.4575596630939835, 2.407629229494598, 2.196339330933351, 1.8777853065484857, 1.4321396984112935, 1.0132890611859713, 0.8867701293885573, 0.7678653783094714]"
1748718016000,31.749,0.16,"[1.1482334810965378, 1.210830786196368, 1.43469392921078, 1.7803070941090404, 2.1793261472202587, 2.403727278440942, 2.4248702736155843, 2.3266358381166903, 2.3947646815673265, 2.419959344394728, 2.3763960520088325, 2.1580229588869013, 1.9507801324353258, 1.5396307199868253, 1.0431219272734655, 0.9332999351330041, 0.8074962906209889]"
1748721617000,31.1289,0.15,"[1.0293906274260065, 1.1350581417158214, 1.3491697739590673, 1.7130087375276748, 2.1858685378839082, 2.4408731633144884, 2.4106786941355076, 2.2015924136837537, 2.2509549971583986, 2.333229331897231, 2.3305495919142656, 2.2419439395910183, 2.091254360372075, 1.6049793228435694, 0.9953838030776396, 0.8911936832386684, 0.7706376190931423]"
1748725217000,31.1289,0.15,"[1.060091828394222, 1.1260991776775864, 1.302908794155925, 1.6119213635353087, 2.1568668908998854, 2.447669896560243, 2.403446201723444, 2.1760364280198163, 2.2598118475707563, 2.372442634788788, 2.3415590556270276, 2.1952774106911677, 2.009980105520306, 1.4778469930250895, 0.9917524710453735, 0.8629628801721874, 0.7685246936515834]"
1748728817000,31.1289,0.15,"[1.0851996275519726, 1.1137603156186313, 1.2839817031064336, 1.6053126342618285, 2.1079040537519504, 2.4279568990202836, 2.381865090060807, 2.142397992593922, 2.2662792472789817, 2.3819975865721124, 2.3364337605106815, 2.1747352662556914, 2.022497419525131, 1.4493561629627394, 0.9751023734579817, 0.8655488365118107, 0.7552005572806416]"
1748732416000,31.1289,0.15,"[1.1897618145207847, 1.1427969218076808, 1.27407126201706, 1.525274574083924, 1.8683771119237456, 2.1323977966231507, 2.260050438998285, 2.1497003002793416, 2.242518671795173, 2.2115631805392875, 2.012630974946847, 1.717354848927561, 1.5766518166261825, 1.261376826490321, 0.8249599061652084, 0.7714015419549077, 0.5839872965238053]"
1748736016000,31.1289,0.15,"[1.4038330064601574, 1.5225301268878733, 1.6450964062308941, 1.765941531424236, 1.9862573191045736, 2.1812093254599483, 2.385697400172569, 2.201099365365675, 2.07262261984723, 2.0240583396966163, 1.9437214078336136, 1.539041750866012, 1.3081152273610888, 1.2124622285158155, 0.8304441477967347, 0.7492622891540723, 0.8616125226122555]"
1748739616000,31.1289,0.15,"[1.422615661031239, 1.548735548421093, 1.640105002008439, 1.7302456359141045, 1.9567878438199102, 2.136934320483512, 2.3310642398275947, 2.099615783223622, 2.1633377338374893, 2.1560442682208976, 2.031176569089662, 1.5705299297612787, 1.3620105122234434, 1.173007324808987, 0.7926316132860111, 0.7175735481310656, 0.8643543841971566]"
1748743217000,31.1289,0.15,"[1.4089350144815855, 1.5291162426512999, 1.602696392537572, 1.683565944320109, 1.9368687926766697, 2.127062978955975, 2.315211471954469, 2.06222099877255, 2.2150425202923985, 2.2182681832007134, 2.0354015065421964, 1.5675720526053194, 1.3334821709134022, 1.1890783220694816, 0.7774752638450403, 0.6981707743837307, 1.0280525544209267]"
1748746817000,31.1289,0.15,"[1.4008703316590352, 1.5219972615729727, 1.602463087181125, 1.684592690420067, 1.9341217524537027, 2.1016388760313687, 2.271285706660943, 2.0582159957131814, 2.1998015437820495, 2.201262817476346, 2.0343065501488944, 1.5601271713653004, 1.3368221984826183, 1.1886768253550233, 0.775984102691346, 0.7031654118512495, 0.8702359986031311]"
1748750416000,31.1289,0.15,"[1.375564990419053, 1.5135090725812437, 1.6661422880622572, 1.7916813958735622, 2.0105449553029726, 2.202683847462043, 2.3858168828011466, 2.3549897106968216, 2.1877685775793205, 2.0830645679259385, 1.9805421792000586, 1.5798254706521107, 1.3375040801199778, 1.2666314425861471, 0.8889855319136305, 0.7815703712897575, 0.7762409372849806]"
1748754017000,31.749,0.17,"[1.346283393763303, 1.4883736613978664, 1.648558330517445, 1.7723381164348726, 2.0086643000015334, 2.2112281753600507, 2.417144034170401, 2.4135991119790074, 2.1819802742145886, 2.026662054294741, 1.9473799059505326, 1.5676772808741541, 1.3230160944679739, 1.1945435915475824, 0.90880734487885, 0.7804114882808211, 0.822159716563001]"
1748757620000,31.749,0.17,"[1.4182428841197354, 1.526806008389796, 1.6517363290680394, 1.7661774301383093, 2.027033498478403, 2.230463534615276, 2.418641844445993, 2.3813699001292856, 2.2349809277198576, 2.085042735172957, 1.992049988618755, 1.5975774065004154, 1.3225566295030553, 1.1907324833224808, 0.8913155123412663, 0.776295712895731, 0.973037853349816]"
1748761217000,31.749,0.17,"[1.4089931686864134, 1.538823894237657, 1.6473846102933043, 1.7648445449090562, 2.0051338517308857, 2.2171460467044404, 2.4222773050804425, 2.373809571773764, 2.2161164963766184, 2.086318907378725, 1.9966577919192114, 1.5707271413600834, 1.2895891700632187, 1.2079643667725977, 0.8861121293301633, 0.7844903164329761, 0.9348838411333434]"
1748764817000,32.369,0.17,"[1.4347333495300354, 1.5692450438646197, 1.6496441354347557, 1.7486002480161342, 2.0137678163240262, 2.2361067108471855, 2.422943880478615, 2.2908765946818903, 2.2304173070119826, 2.121952675060532, 2.0200918416569476, 1.6627661358498587, 1.3682826085498712, 1.2146097438903936, 0.9244844882221408, 0.7924144310257676, 0.9572273901657095]"
1748768416000,32.369,0.17,"[1.415628474099588, 1.5373343085070954, 1.625989135156176, 1.7534604683141963, 1.9993290414718266, 2.2179852400994675, 2.411256689509168, 2.3204756518768916, 2.1899947224370067, 2.094253397029545, 2.0050904774137948, 1.588349786154094, 1.316548127775059, 1.2010147643005917, 0.8837863093609672, 0.7728867241798036, 0.9650425631553116]"
1748772016000,32.369,0.17,"[1.3965846134769646, 1.532340334888258, 1.6188297112937429, 1.737650045943864, 1.9882329288860057, 2.227506087640272, 2.4033240945746757, 2.2877404059904016, 2.2064040217569247, 2.1102573820665995, 2.0225092284022743, 1.587087999190563, 1.337695976242851, 1.2144024422185036, 0.886779377407163, 0.7399061372710494, 1.096355391813635]"
1748775616000,32.369,0.17,"[1.3906876910741421, 1.4951034925909035, 1.5395392005478405, 1.6720514019271222, 1.9502506214932582, 2.1751950840850007, 2.3231943025074564, 2.1519521542554925, 2.2801293694923706, 2.2657681279788817, 2.0860408851762187, 1.7225657449265557, 1.4255229259914723, 1.187635664848115, 0.795623833242678, 0.751861915947, 0.644800972177955]"
1748779216000,31.749,0.16,"[1.0068397881970605, 1.1058732947352168, 1.313328425503647, 1.690930865001026, 2.178929740545264, 2.4181346001471584, 2.393520576968081, 2.1984011572957063, 2.3071776230237795, 2.4017467404941257, 2.340561346919941, 2.1369078935939916, 1.9937714406205798, 1.5236384336633866, 0.9934922558747963, 0.851020484476444, 0.7197522382149896]"
1748782817000,31.749,0.16,"[1.196889603946279, 1.2147061634053016, 1.435641067468058, 1.7103398140024193, 2.0320905687135142, 2.3757812698445004, 2.3395762680751453, 2.1218481034878613, 2.2923346086135683, 2.3775955833328832, 2.2745035212066234, 1.9449604438277956, 1.8468607532425652, 1.4654360347293143, 0.9730719394751974, 0.8411654971526364, 0.7349862853004708]"
1748786417000,31.749,0.16,"[1.1921615936420662, 1.2177084032386705, 1.4484065065279996, 1.8057138293985082, 2.1928528277738817, 2.402328255164387, 2.421174451989518, 2.273763114257641, 2.3574244232275965, 2.3967551824632642, 2.328988330419848, 2.045045740524818, 1.7715009618347446, 1.4812737346945606, 1.0247175455378839, 0.8627838043221551, 0.774000834031548]"
1748790017000,31.749,0.16,"[1.22626140368869, 1.2463553678905837, 1.4258271640392208, 1.7429333483545548, 2.1497098900490674, 2.418644854297295, 2.376856387366044, 2.122622698995526, 2.2989312221762446, 2.379611269572726, 2.2841254668673705, 1.984384043624649, 1.7578574233740443, 1.4214632388288122, 0.959865458595732, 0.8520764046494494, 0.7925417409764265]"
1748793616000,31.749,0.16,"[1.2702943259699015, 1.2150158998099414, 1.4069709612240846, 1.726202557425679, 2.136783071292807, 2.4024324646949955, 2.3738140596973496, 2.140053740412244, 2.3052023153603423, 2.3526595720366004, 2.2656416555729777, 2.002135511374178, 1.8720703619183323, 1.4642919773106493, 0.9381096937139806, 0.8402692854750465, 0.7806485928855894]"
1748797216000,31.749,0.16,"[1.220693801283295, 1.2740836319913977, 1.4576938153576606, 1.8210140332105953, 2.190280798366669, 2.4255028288478315, 2.437242619399188, 2.2888963200811006, 2.3691437070239734, 2.388858615221013, 2.2796089250963014, 2.124507579080818, 1.9535894205690163, 1.4241067605723998, 0.9950369510361681, 0.8950835233700526, 0.7156660841173227]"
1748800817000,32.369,0.17,"[1.19305477711153, 1.2317188166066138, 1.4715683917061677, 1.8455510547525633, 2.1836591059240344, 2.3938816600103117, 2.453528737821385, 2.3937805023967385, 2.461940970372576, 2.4663615763532647, 2.41140208561413, 2.2020573268344124, 1.915153475073283, 1.433577692742502, 1.004238912930663, 0.8456831023295537, 0.814376200830115]"
1748804416000,32.369,0.17,"[1.176661056783194, 1.2489583198256031, 1.4666952669165163, 1.7948756342279166, 2.2148588987964635, 2.451133720799386, 2.4545245167761305, 2.3518687571946386, 2.4169693192207817, 2.427869142919717, 2.3755426437764706, 2.1639743692133266, 1.9138207910970746, 1.4900845806264065, 1.04797154826491, 0.9149228871486963, 0.8800700317162358]"
1748808016000,32.369,0.17,"[1.0695670359286147, 1.1381495731438986, 1.3239431981914576, 1.6752519057727078, 2.137470723142738, 2.3890533590628387, 2.3256769732862717, 2.096024723941567, 2.306655154933603, 2.3763714562186813, 2.3029401165468304, 2.187911265246829, 2.0008792673786893, 1.573442780141359, 0.961552308771472, 0.8614913915158317, 0.7736020163491837]"
1748811616000,31.749,0.16,"[0.9930960888407165, 1.108324110354654, 1.2941011028167586, 1.6044481991125783, 2.071050492977386, 2.386093257327982, 2.3392421364468112, 2.134946316048481, 2.297056296915721, 2.383192907924295, 2.3279065624785336, 2.193208233293277, 1.9811392859573858, 1.4482595047488387, 0.9720101999192361, 0.8601193458413695, 0.7585403338952816]"
1748815216000,31.749,0.16,"[0.9813650339757974, 1.1041219988935986, 1.27171901690951, 1.547147018050783, 2.0795007185077523, 2.409027533801893, 2.3775531976009385, 2.1477854868562294, 2.25639395559007, 2.3578082296310554, 2.3167627414783327, 2.1733494709027434, 2.0127096079536364, 1.4769350114880806, 0.9709937880545615, 0.8517180014293736, 0.7264598071645383]"
1748818817000,31.749,0.16,"[1.141465223188483, 1.0889595898875988, 1.2023888973449168, 1.430617168439558, 1.8279955841682167, 2.1261438049788306, 2.1853871573457715, 2.0313155886294023, 2.2910958619473893, 2.2904161911333927, 2.067540318456171, 1.7840639826814382, 1.6167448563107403, 1.2337385268635743, 0.7531469725943308, 0.7074316335774694, 0.5374199201654172]"
1748822416000,31.749,0.16,"[1.4257440266126842, 1.5228162611341836, 1.604113516444575, 1.7082301855481767, 1.9685987213283085, 2.139495957298442, 2.3050997219009672, 2.0726795149266923, 2.222815134067909, 2.1867752095884287, 1.9721550338006113, 1.438779333725786, 1.247558072360064, 1.1669062220510478, 0.7753825060117278, 0.7133513256292626, 0.7477207486008773]"
1748826017000,31.749,0.16,"[1.3999125369982954, 1.5343735200996935, 1.6817361098708288, 1.8126868926763295, 2.0506137460273575, 2.2527978075191393, 2.4289908430878038, 2.4832944293364605, 2.2355564342494127, 2.040138746346491, 1.928002124224562, 1.529495570862133, 1.2994799510669464, 1.2585355646556382, 0.9423407392063555, 0.8244125451357692, 1.0815135395279625]"
1748829616000,32.369,0.17,"[1.4176402355631261, 1.5587772461753555, 1.6830395863697787, 1.8125365320090736, 2.044631168347474, 2.2265927652831605, 2.4089948997650685, 2.446362677140752, 2.261752495620838, 2.0818675835385987, 1.9701755386127247, 1.6256834437069412, 1.36935268222649, 1.2666611683630018, 0.9380836206791182, 0.8054569417374614, 1.020018662781653]"
1748833216000,32.9891,0.18,"[1.384661375687316, 1.53971195820488, 1.6724625636453332, 1.7942022827547492, 2.0503552475672815, 2.2502551802578075, 2.414867718406075, 2.4336496806050327, 2.274056615184683, 2.0856177581436555, 1.9570992353592331, 1.5621357493340928, 1.3302315340982847, 1.2376420893754223, 0.925440336490241, 0.8113420505831646, 0.763340331743813]"
1748836817000,33.6091,0.19,"[1.4227714731162782, 1.5647537358035333, 1.68978015030485, 1.825566627755125, 2.0839186186698426, 2.2900964431893738, 2.4544767711175903, 2.505628403387139, 2.3377199060782234, 2.1069117318860027, 2.0098228177611777, 1.6834503343441416, 1.3777582425769692, 1.26776885689391, 1.0034769226403217, 0.8513362245467124, 0.9198476479366939]"
1748840416000,32.9891,0.175,"[1.3998175281341054, 1.5349825671882678, 1.651570313754295, 1.7982402943919107, 2.050048273437926, 2.244816667837952, 2.3891220660724515, 2.3996996691068566, 2.2495534495353695, 2.0650947328763585, 1.990045798595057, 1.611079415896735, 1.3572712287455624, 1.2226772131208115, 0.9512942407649837, 0.7877011839519876, 0.7741260637262598]"
1748844020000,32.9891,0.175,"[1.3886343610074123, 1.5505355205279507, 1.680347548063901, 1.8083678309827764, 2.0746760502899053, 2.2776654256679025, 2.439879797507832, 2.520832686169111, 2.3969303436208107, 2.123149665388898, 1.9993267458882233, 1.6814285945253755, 1.4308398997861673, 1.2684041889609783, 1.0297121878413722, 0.8605748364478119, 0.9371325868996792]"
1748847617000,32.369,0.165,"[1.4152555135697578, 1.5774817713087297, 1.6735350041913337, 1.801871916174159, 2.0743778127014356, 2.2655392448941987, 2.4154949988421595, 2.4496125920115577, 2.3649826992650906, 2.1423095694734293, 2.0247048882962777, 1.6599219668705607, 1.4008086058571796, 1.23790187235666, 0.9847788818516464, 0.8278367481877937, 0.9291811556741577]"
1748851216000,31.1289,0.155,"[1.4053034892677294, 1.5232860771346823, 1.6127979537090087, 1.735165720216201, 1.9914085068481133, 2.19127149810418, 2.372095649771024, 2.269188861250211, 2.175650674350741, 2.0867188487941855, 2.002855002887465, 1.6384367778392834, 1.3581016265878927, 1.1955118905855737, 0.8804159469087989, 0.76831293935313, 1.0736874275915629]"
1748854816000,30.5088,0.145,"[1.4184184564406284, 1.5183164086785497, 1.5789111275911063, 1.6981009897395793, 1.9451192454939958, 2.1507798300551793, 2.3683552886083015, 2.1578390201981485, 2.1877118309872263, 2.139735873881711, 2.0094331481167393, 1.577682618338689, 1.3249290594207488, 1.150828395855036, 0.811105732987831, 0.7051960282041309, 1.1305122183277239]"
1748858416000,30.5088,0.145,"[1.3182757929259166, 1.4744230528425326, 1.5602783884495668, 1.6207365582864026, 1.886458725495506, 2.0741222014838185, 2.246202500809355, 2.0080140811599887, 2.2441599280597777, 2.2232978699937833, 1.97271285517222, 1.4371217179987714, 1.2813444896278947, 1.1867429519909414, 0.7623581711236598, 0.6843559034602615, 0.9673921022160943]"
1748862017000,30.5088,0.145,"[1.4001704226283322, 1.480902722568855, 1.479890981024273, 1.607847158834164, 1.91953759293739, 2.133053620655453, 2.243853606597119, 2.0253414630314777, 2.251614169819248, 2.3187662162164324, 2.0836280551978446, 1.6847123091175975, 1.4553556483371028, 1.1900434831374491, 0.7519830706462945, 0.7014864732742211, 0.6052938771988751]"
1748865616000,30.5088,0.145,"[0.9925299271439603, 1.1159841196525206, 1.318156610997336, 1.650865349371593, 2.0998311181354863, 2.385419440498951, 2.3594487332027447, 2.146300663713202, 2.281380702482049, 2.3846332562695975, 2.315739306109288, 2.0788621847636244, 1.9379907896603992, 1.4663947090191196, 0.9733460634962787, 0.8526625984174844, 0.7601375745433869]"
1748869216000,31.1289,0.15,"[1.1630506816334332, 1.3032807003438265, 1.5358164725974, 1.8322076879624765, 2.0961834491101303, 2.3160715455331067, 2.397269254493759, 2.347291486407907, 2.4453527753762385, 2.4867787266287844, 2.3943566813203874, 2.067717815075518, 1.88730725093385, 1.5872213335506424, 1.083125530955829, 0.9361988934013284, 0.8097958307667039]"
1748872817000,31.1289,0.15,"[1.1641838220614393, 1.2301854670723817, 1.4860174735513574, 1.8339354668825871, 2.179148502066972, 2.405394643132999, 2.438577408906171, 2.3485031746191165, 2.43521248635732, 2.4657430288222355, 2.3732738399554743, 2.0239242443177163, 1.7932595001887408, 1.4811585755471464, 1.0535846916153608, 0.8664269498351596, 0.736108442622246]"
1748876417000,31.1289,0.15,"[1.1726266879464269, 1.2065616774400567, 1.441239998493889, 1.8191946924399396, 2.192931529199395, 2.4054894237146365, 2.430053216199251, 2.2650749826411, 2.3320973139990913, 2.385709751105431, 2.296593034608341, 2.0180287997884165, 1.7360461438326553, 1.4252364050870667, 1.0028314217466174, 0.9115755356377974, 0.8368680798608807]"
1748880016000,32.369,0.17,"[1.2006982321861037, 1.3073933202685362, 1.5984115936981151, 1.9250952968443251, 2.2343524897643445, 2.410087378128284, 2.5328508945164687, 2.5836072733516047, 2.7387639032637114, 2.7141143842722313, 2.4573922411171365, 2.145790434727814, 1.9547818341838301, 1.640836884111541, 1.168724446898379, 1.0139242725546542, 0.9524407535149914]"
1748883617000,33.6091,0.19,"[1.2353879773395733, 1.3236589568745014, 1.5869255341428248, 1.9176747370010523, 2.2214934866934435, 2.411140637331014, 2.5165144509451896, 2.5834965212821372, 2.7463132838573396, 2.710001385083073, 2.489225814417836, 2.2657855776944182, 1.9944472171489542, 1.5100250268312776, 1.1236784745834656, 1.0054809366237638, 0.8046272117019923]"
1748887217000,33.6091,0.19,"[1.2185628735039333, 1.2842015175213106, 1.5592820046410911, 1.8690078623816675, 2.222991210561624, 2.4127939559544807, 2.5350187767639665, 2.571833230906464, 2.710446279449577, 2.702496887556526, 2.581633632767547, 2.2843353742932124, 1.8938657295711598, 1.475288473302357, 1.1219792519613987, 0.949756129459076, 0.8592606837373687]"
1748890816000,34.2292,0.2,"[1.1913168821620512, 1.3008176468801247, 1.580636599019029, 1.8888672125754846, 2.2416140938363323, 2.4335657254588283, 2.541676452118931, 2.5966539635586097, 2.7367370722847206, 2.72495496908115, 2.5820656001376157, 2.285827988141615, 1.9607378241630997, 1.6077593892575535, 1.186919810241786, 0.9918786102347112, 0.8752288419044711]"
1748894417000,31.1289,0.15,"[1.0801954368395696, 1.1752467596165146, 1.421487060271445, 1.757826642882366, 2.242697348727218, 2.4466618011335037, 2.4317208398315655, 2.323873531493095, 2.379991319019176, 2.4126814050832452, 2.3715955644066202, 2.2731348481075733, 2.114872996717532, 1.6009057471670245, 1.0417632455688561, 0.9441140347461181, 0.8215835291862053]"
1748898017000,31.1289,0.15,"[1.1011757586093573, 1.186072940013416, 1.3976241157315437, 1.6684127944848064, 2.1591233273443824, 2.4376923140609885, 2.448636827188845, 2.329231437562927, 2.374762858887502, 2.419687239024289, 2.3764481087739093, 2.24124739544534, 2.087685982330319, 1.5739000333063446, 1.0462686049058294, 0.9408762322032843, 0.8058079066715792]"
1748901617000,31.1289,0.15,"[1.0639654375421082, 1.1775211822673641, 1.364436014427617, 1.6591934018719037, 2.17981538431829, 2.4202230605280284, 2.4273843684742693, 2.2749478815901027, 2.3148900266169874, 2.3919578756703403, 2.376810665348752, 2.2337793840569864, 2.075723452269757, 1.5451279605029467, 1.0281766628664768, 0.9074042497574206, 0.7839580495081975]"
1748905216000,31.1289,0.15,"[1.014700412893409, 1.0872041365546676, 1.2982041539234375, 1.5338618322509658, 1.9131479909221605, 2.2112561362521106, 2.3113871739725735, 2.246077413015228, 2.2985989516333243, 2.2279205030070424, 2.048658715427435, 1.7305499526932686, 1.5610076607525636, 1.2939898501645257, 0.8530822368739718, 0.7819822508714138, 0.6131286492562852]"
1748908817000,30.5088,0.14,"[1.399003930418537, 1.5281943146006598, 1.631854547094654, 1.7394080027716698, 1.9620884855003116, 2.1607689548568034, 2.3810706691446666, 2.1115512784556603, 2.2104720865641756, 2.1754220560781894, 2.019793153875192, 1.5758537315153776, 1.3125179924919776, 1.1665087140741086, 0.8052951167301037, 0.7323762619376396, 0.8465400694293678]"
1748912417000,30.5088,0.14,"[1.3916854804514858, 1.5202793445745428, 1.6260121019195948, 1.7117109172504483, 1.945426015276018, 2.1587783058085317, 2.377124629395358, 2.146479810687674, 2.1922754427330333, 2.1356099287045316, 1.9900208009403981, 1.5530634362311277, 1.3107039303848809, 1.1730646522416692, 0.8136499233616912, 0.7085865351396542, 0.8057986185031727]"
1748916016000,30.5088,0.14,"[1.4074078897199882, 1.5293274991376422, 1.645736096312575, 1.7557587245999977, 1.9696716331589559, 2.1736601274769387, 2.3830635543153447, 2.1497080678104457, 2.148964113392436, 2.076242614410841, 1.9462601449746335, 1.5354330670282488, 1.3046692620554754, 1.1720123268160474, 0.8155870009717142, 0.7472661395692567, 0.8711026746332503]"
1748919616000,30.5088,0.14,"[1.4222192098793303, 1.5415416362617798, 1.6315676195232403, 1.7477599498206131, 1.9870247263587606, 2.166403603451444, 2.3814462232007547, 2.192339925916389, 2.1857404010733728, 2.127436059516819, 1.9949687986303999, 1.5400064431672835, 1.2867978719823534, 1.1184368099691624, 0.8098076181443957, 0.7360521164145011, 0.8340455767688962]"
1748923217000,30.5088,0.14,"[1.3817142643589955, 1.5086366645273446, 1.6234441029153914, 1.7575009416612724, 2.002702985668238, 2.199292438883882, 2.388370765987116, 2.34617965365348, 2.196572291698905, 2.0811968438525215, 1.9848653193857717, 1.5855615300373351, 1.3199802985036468, 1.2223184889788121, 0.8931978459119233, 0.7685891043442248, 0.8000155231857091]"
1748926817000,32.9891,0.18,"[1.4338923260442151, 1.5283805900593435, 1.6167967544342785, 1.7384157873720671, 1.9571603552004968, 2.1924075048235037, 2.361162039885485, 2.2627456805700006, 2.197075783766864, 2.1101714260517417, 2.0124273995640864, 1.6098743416678118, 1.3376419438827651, 1.2084329464028392, 0.8593931456373851, 0.7605933015489036, 0.9482121285483015]"
1748930421000,32.369,0.17,"[1.3825240218702222, 1.5073970795374259, 1.6169986489249668, 1.7429616439645679, 1.995919510494866, 2.216814204058184, 2.3547716758474313, 2.2372097978955234, 2.1919207758283408, 2.1202293701169266, 2.0296280799042368, 1.614848857748107, 1.3478531129598634, 1.1984196245223082, 0.85788826453708, 0.7552803245122525, 0.8217351692628709]"
1748934017000,32.369,0.17,"[1.4265471460685832, 1.5149344329770695, 1.5967574304573666, 1.7085828621980377, 1.9627178592926158, 2.1726429690982796, 2.35002017162302, 2.151915771627575, 2.1921313006761665, 2.1681963818052536, 2.0512705039592456, 1.6188195717775407, 1.3414122853503558, 1.157204549571014, 0.8225119407908645, 0.723350072454384, 0.800999381490831]"
1748937616000,31.749,0.17,"[1.4253171547019379, 1.532053023739534, 1.597629885393528, 1.7063013446750412, 1.9584488039475787, 2.1853519277719613, 2.36860539932822, 2.119433429116815, 2.185654252179363, 2.1739703486638913, 2.038897086970318, 1.6424709639848494, 1.387084070367358, 1.1889085682953546, 0.8203572986457983, 0.7530282320162398, 0.852316561148752]"
1748941216000,31.749,0.17,"[1.398836549252072, 1.5128924178868468, 1.6066482406074687, 1.7155701032019952, 1.9604857522427237, 2.1832782179389234, 2.3892897565575937, 2.1454400983056887, 2.185741944396747, 2.1515898021884845, 2.017231775736388, 1.552807820708835, 1.299099190513588, 1.1380890994004227, 0.8150603788819322, 0.754913300396231, 0.9287579228731944]"
1748944816000,31.749,0.17,"[1.4207588745345112, 1.538899087623694, 1.6250671636028584, 1.7561938870944425, 2.001228476468257, 2.21839627791359, 2.44499547429542, 2.2698801795137995, 2.2222181652970128, 2.1294015547322753, 1.9993218327659603, 1.576014472023742, 1.3077878458168184, 1.1810544684046864, 0.8666276166789922, 0.766253856126775, 0.8609911671674]"
1748948417000,31.749,0.17,"[1.382806285964842, 1.4864423272364344, 1.5440520026218316, 1.669560679937719, 1.9356402374642079, 2.171663833015852, 2.335466353555282, 2.2268695340462, 2.2994235328357893, 2.2415577028116815, 2.0478932235092278, 1.7092429882973725, 1.4362888072298665, 1.250912087806362, 0.8048790192011355, 0.7377068448221917, 0.6276935076133365]"
1748952017000,31.749,0.17,"[1.102110683583735, 1.1862442231634451, 1.3728752230462429, 1.6723020106036726, 2.0984088054584507, 2.389050159589973, 2.3523408281588942, 2.09294471687921, 2.233907943074314, 2.363926285452944, 2.293350902812764, 2.0374464992487806, 1.8804197181057738, 1.3940659047930606, 0.9504922963180691, 0.8232346804134907, 0.7321462021198791]"
1748955617000,31.749,0.16,"[1.181173337968596, 1.2570666495482419, 1.4473117107365463, 1.7073186469827664, 2.0614336031643217, 2.3932349085055793, 2.4114896369488283, 2.167679762365503, 2.3256491510709516, 2.383373734042432, 2.2522301565643845, 1.9174414310818026, 1.7519074530652654, 1.4418792396996456, 0.9847684912556015, 0.8729443119187891, 0.7456556652269494]"
1748959216000,31.749,0.16,"[1.167291135041016, 1.21870993394161, 1.451920386578297, 1.7791218679653342, 2.1984097463902077, 2.4468822861692194, 2.4718762979487128, 2.27251939021387, 2.3158569876815704, 2.360434848861437, 2.2884873229535163, 2.0080102979591943, 1.7743499334023054, 1.4252726497323664, 1.0275490333726431, 0.8216765031010375, 0.7158519803585426]"
1748962817000,31.749,0.16,"[1.1768173998260025, 1.2389166671632574, 1.463718912482808, 1.791730577927328, 2.1974345065626433, 2.4604160274122835, 2.454240768088971, 2.203372257772721, 2.2978581114939884, 2.3457277792353417, 2.267179472676848, 1.962422411300685, 1.7553113046342252, 1.3993627712822934, 0.9841885215320074, 0.8884871013331723, 0.8220214249574757]"
1748966416000,31.749,0.16,"[1.2180324637945583, 1.2438744836573752, 1.4491925009825504, 1.795480269287359, 2.2138127250435513, 2.449894027780149, 2.462333692078784, 2.2454573349950957, 2.2984101777922152, 2.3375975730872995, 2.2663011706396654, 2.0102433124226384, 1.8765127045024748, 1.515466939716438, 1.0026533705981016, 0.8862482585188689, 0.8391735407851763]"
1748970017000,31.749,0.16,"[1.2149473140846219, 1.2253263306526332, 1.4063122438878726, 1.7391522581568921, 2.1379547135546524, 2.416869761958267, 2.433193478610627, 2.197723906547086, 2.268370343020389, 2.332471141595867, 2.2625358742466175, 2.116502295120914, 1.9652088822593579, 1.415072835030215, 0.9656241686186183, 0.8431943793121445, 0.699454409266744]"
1748973617000,31.749,0.16,"[1.2505852839590657, 1.2105364344356646, 1.3600373737900304, 1.6854284167437448, 2.1501038393253933, 2.441141431059624, 2.4403648987589572, 2.2213599098624135, 2.270677529333688, 2.335428260399885, 2.309843744279904, 2.171236139676604, 1.9205003367036897, 1.3862492738099812, 0.9744181804695369, 0.804985893026213, 0.8577969984836362]"
1748977217000,31.749,0.16,"[1.1685957758207919, 1.172671245363559, 1.3599315292939549, 1.7066317833709979, 2.165116506484272, 2.420649599204985, 2.4232628916626004, 2.234621877007379, 2.288635622537824, 2.356918363421174, 2.3295983501884203, 2.1434434301923337, 1.9537879136871694, 1.5031932686075475, 1.0270849248098253, 0.9021500846606965, 0.8273475029893148]"
1748980817000,31.749,0.16,"[1.0278538963340222, 1.1344725907145063, 1.3606651556054412, 1.709333173656851, 2.2389502243133217, 2.4713003931809223, 2.4491247874002653, 2.2314861410202242, 2.26045771638254, 2.3347301552541233, 2.3471047460889802, 2.273284548960187, 2.129937568807789, 1.6145860125112732, 1.0115925481761552, 0.9287642704752204, 0.7947499481445308]"
1748984417000,32.369,0.17,"[1.1010945706812576, 1.19648850718268, 1.4124117369111229, 1.698883294579736, 2.1711088016071716, 2.431230721819537, 2.475870604361069, 2.384026522029413, 2.443447598682765, 2.4595987155813273, 2.4083386452818494, 2.2227038411837357, 2.075181635832779, 1.5522175842843386, 1.073231676162422, 0.9591028782709623, 0.8178909487576854]"
1748988017000,32.369,0.17,"[1.04604434178703, 1.1482004613091217, 1.352363888692938, 1.6279688905918335, 2.1420955151804635, 2.4379936109527307, 2.431525296200762, 2.266318414300025, 2.3287187850554085, 2.394017039645835, 2.363954873746527, 2.2143952510266063, 2.0353784054936654, 1.5280688644660736, 1.0334656536394449, 0.8969165960043975, 0.7937144752587183]"
1748991617000,31.749,0.16,"[1.021531101377979, 1.0554227541809682, 1.2022748806048926, 1.4126898681394937, 1.816700819182204, 2.1335088746174984, 2.2563759579558034, 2.0981767608733706, 2.2427480800496307, 2.275290298224903, 2.062428096925546, 1.751450039615275, 1.6267816482644935, 1.2555026404373355, 0.778099049851851, 0.7285990592584318, 0.5440066954542548]"
1748995217000,31.749,0.16,"[1.430866083056749, 1.5576079177752893, 1.6125163680151635, 1.6846557484833804, 1.940715082263627, 2.11097123009895, 2.3041822183661984, 2.0607899731963983, 2.2549588839274075, 2.1831519870955596, 1.9639342839508276, 1.4963396544097876, 1.3446094021285797, 1.1779548250979903, 0.7606117868224489, 0.7025130104199369, 0.9698528323218699]"
1748998816000,31.749,0.16,"[1.4093754675602146, 1.5190033194712473, 1.6213421800442394, 1.7362269366148082, 1.9604899725109322, 2.143989322240783, 2.383169802556711, 2.1236810465871354, 2.17505962705262, 2.1287433033767162, 1.98726628844236, 1.5333373957091485, 1.3254329852069742, 1.2262711957031864, 0.7816380150247307, 0.702843197372116, 0.9031673415826076]"
1749002416000,31.749,0.16,"[1.3922869029103637, 1.5248184540173089, 1.6387812032268159, 1.7792620312636858, 2.0107438257629515, 2.190567361741218, 2.395834177388625, 2.320778737775671, 2.1932832115875955, 2.0909285935607653, 1.9916079842967385, 1.5932723200496357, 1.3720291728079332, 1.2461956596368708, 0.9039282471833421, 0.7766015223803591, 0.897897542952248]"
1749006016000,31.749,0.16,"[1.378087083167552, 1.5265508717040952, 1.6379977977734785, 1.7620310248727946, 1.9892710609498434, 2.1756910372441847, 2.3748314602398635, 2.2050094698433975, 2.1523775386155806, 2.0679527083360183, 1.9840365543931433, 1.598854745480667, 1.298566182497487, 1.1717465287689939, 0.8506329690894611, 0.7372908262477345, 1.1749718513137144]"
1749009616000,31.749,0.16,"[1.4535389012438409, 1.5722266873280357, 1.6439429578689835, 1.7505985033891096, 1.9805473899406612, 2.156135282854812, 2.3887128618698825, 2.198616438952446, 2.1806546038951606, 2.1241539376755942, 2.016539516652843, 1.597211478180984, 1.3273515291532934, 1.1620414449661065, 0.8127038038542571, 0.7356016137554746, 0.9524562831751858]"
1749013217000,31.1289,0.15,"[1.433560803032838, 1.5341122041194608, 1.6137827881475617, 1.7286494558231567, 1.9729622683515264, 2.1594941628440156, 2.3761254644207694, 2.1926608644381496, 2.1762564521942775, 2.1267984930018415, 2.0265442048864153, 1.6086014475559167, 1.3687072806298415, 1.2096629951928766, 0.8426851836122758, 0.7507105864320444, 0.928588320261255]"
1749016821000,31.1289,0.15,"[1.382601237925353, 1.5152533266846022, 1.6125584357290261, 1.7262526110476573, 1.9552688359738923, 2.161389006028061, 2.374220424357477, 2.183771527021434, 2.191209508346878, 2.153515821651725, 2.0556492585903734, 1.618882714549031, 1.3304707343711792, 1.2116942152821275, 0.8463958853356858, 0.7379730003547106, 1.1472030679029477]"
1749020416000,31.1289,0.15,"[1.4323534230791388, 1.549148954556642, 1.6335645200560764, 1.7486154355274772, 1.9971556973886881, 2.1845964693259847, 2.3768211783360647, 2.264384036975928, 2.1625127607567216, 2.0951526777327425, 2.0223211893994173, 1.5991269585244432, 1.3439030891347727, 1.2183300311262255, 0.8658131188556142, 0.7349160789891364, 0.8702524189959744]"
1749024016000,30.8189,0.15,"[1.414487127102216, 1.5422432436037294, 1.624934207744459, 1.75464659316406, 1.9849518127668717, 2.206156209890486, 2.4105684316084433, 2.2810695011047204, 2.195221283415525, 2.10970493781954, 2.008681645962466, 1.5815387111192, 1.3110667154950613, 1.212866048140676, 0.8662572861329477, 0.727630190176581, 0.8700798132742068]"
1749027616000,30.8189,0.15,"[1.4049408985522658, 1.5341856063807187, 1.6098032745584243, 1.7131908462374015, 1.9751598067357687, 2.1728405950167304, 2.3779144110614667, 2.1855916438478586, 2.2191395848597315, 2.1393468256927965, 2.01846888735042, 1.588274020174205, 1.364215755989346, 1.2024290015131982, 0.7930078584547682, 0.7014720502223749, 0.8979270360163896]"
1749031216000,30.8189,0.15,"[1.4212491233532099, 1.540529375567336, 1.6046446310118958, 1.717175470108395, 1.9721224814125717, 2.1819507975020067, 2.3662365242606307, 2.1663513246749413, 2.1801178777978425, 2.127314973826243, 2.0119699700350755, 1.5929180179589975, 1.3592849620159917, 1.2152156944763783, 0.8160358077044716, 0.7336067270798217, 1.0635296516411492]"
1749038416000,30.8189,0.15,"[0.8364410566412845, 1.062039404110134, 1.2638025643596458, 1.6334438782255363, 2.139530425915594, 2.3931485786430753, 2.333241860882823, 2.066109748250144, 2.3509761080337035, 2.415985950399488, 2.2728163090363243, 2.037222352452787, 1.8485832303573766, 1.3797143149345392, 0.837891145098416, 0.8082901259464418, 0.6427598194615995]"
1749042016000,30.8189,0.145,"[1.0602083014978012, 1.1224771979385497, 1.3454148991000503, 1.6773669016638593, 2.034453034256261, 2.3211477611731244, 2.3174615119232915, 2.0668758920416583, 2.259494558970558, 2.369251671859741, 2.260941333493902, 1.9574937595045319, 1.858558649067027, 1.4397818832443594, 0.9351419739460756, 0.8161619919653641, 0.6976337700323421]"
1749045616000,30.8189,0.145,"[1.0002303295797919, 1.0978421778242313, 1.3126106585708737, 1.6676448653027058, 2.1589696949477686, 2.439849950245611, 2.371879440950699, 2.1081344638111594, 2.3365539483454008, 2.4102840392706586, 2.3003030681833647, 2.0075754952925466, 1.9351099021153635, 1.4816467895655516, 0.9212670806726803, 0.8409204743786645, 0.7006297278442967]"
1749049216000,30.8189,0.145,"[1.1194173896792794, 1.1752602075444392, 1.4066255112432366, 1.815276870367728, 2.2459767655467306, 2.460916069819778, 2.4729073661066923, 2.26038344636101, 2.3116496086462983, 2.3593168364453416, 2.2823117431418414, 1.9835481989871586, 1.756039732153148, 1.423233015889652, 1.0018896735026543, 0.8958707399564325, 0.8004175114353278]"
1749052817000,30.8189,0.145,"[1.1919906471801547, 1.1933646420163497, 1.3846781563014061, 1.7380018757397162, 2.179676893506549, 2.459397199173413, 2.475386785531332, 2.213540091142646, 2.2831075950343593, 2.3439331399816203, 2.2497421908890933, 2.001283356798573, 1.867011889981757, 1.479226252622779, 0.9955192450869923, 0.8699209952600125, 0.7975080870079754]"
1749056416000,30.8189,0.145,"[1.185160413907849, 1.1876383536634287, 1.3892295577963445, 1.7368098170032817, 2.198021669406918, 2.455791362404092, 2.4440393816835657, 2.221843730445473, 2.272858465935111, 2.329198485851706, 2.261129309273993, 2.098617832317633, 1.9215243012085033, 1.3937927605752123, 0.990765946743063, 0.837008097479436, 0.719383475363746]"
1749060016000,30.8189,0.145,"[1.2839874523424775, 1.2371944290717414, 1.3940258428891994, 1.7470137705570974, 2.1797440990599326, 2.4429182334026303, 2.4309890463731127, 2.191160991602319, 2.247992843944814, 2.352821054372223, 2.330423127758944, 2.160175754418553, 1.8789236184039195, 1.360280958362458, 0.9587658884708525, 0.8099080958354403, 0.7850173541528552]"
1749063616000,30.8189,0.145,"[1.1409971292397398, 1.1972017121349448, 1.3669491911774607, 1.7265996745457948, 2.210311203187647, 2.4696597904666664, 2.4544419322835935, 2.2463409215116297, 2.28183817339406, 2.328190510496684, 2.3076501938303977, 2.1047321807636488, 1.9094457355055814, 1.4956604386900338, 1.030235791267344, 0.8944114923817919, 0.8023355365702431]"
1749067216000,30.8189,0.145,"[1.071505671013009, 1.169564290054091, 1.3961461780876616, 1.7596984262183897, 2.2385038786456084, 2.42767530197475, 2.4165385489213063, 2.268361349682068, 2.333779746372946, 2.357076336919839, 2.335292811884669, 2.2660775689398314, 2.0944109658821026, 1.5843326913887166, 1.0442748672725533, 0.9374917542694859, 0.822028051186537]"
1749070816000,30.8189,0.145,"[0.9812703187548396, 1.1414985597676903, 1.3245215628131004, 1.6131672458719208, 2.133693687953027, 2.449136660267256, 2.4240750332772403, 2.2464842629948043, 2.3257572800955675, 2.393864453398649, 2.361625884977704, 2.2350551004502877, 2.053053972001394, 1.5507185129518468, 1.0079220684950276, 0.8720750613836941, 0.7720950751583995]"
1749074417000,30.8189,0.145,"[0.9974086202769678, 1.1161553943718394, 1.2985360483425883, 1.5986310679343303, 2.139583145724132, 2.4547077634131607, 2.434491190761595, 2.2180639538931577, 2.2890602586172535, 2.363461949818005, 2.3295689403850512, 2.1709916263817988, 1.9907773427078193, 1.4927812954708173, 1.0072345438010204, 0.8693402816648662, 0.7608791208501332]"
1749078016000,30.8189,0.145,"[0.9711361319321004, 1.0548135367863496, 1.2157345255459169, 1.437586918855486, 1.867678909654197, 2.1571527736440745, 2.2830686510591542, 2.1303045132361875, 2.2596180167702187, 2.2604302812251937, 2.040836256879593, 1.7776894555155451, 1.6324330173832542, 1.2575263557563683, 0.7919455611367497, 0.7191577248100139, 0.5643519600711506]"
1749081617000,30.8189,0.145,"[1.441806852602117, 1.5379918704241036, 1.6187207233262202, 1.7133619234576982, 1.9812337694280373, 2.136270035355489, 2.3612072797199297, 2.1110764429834887, 2.1955619252378025, 2.148175946752413, 1.9808137545224094, 1.5341767359501246, 1.333994867232756, 1.1970889969636649, 0.7790827832684856, 0.7025065146884372, 0.9379020234347675]"
1749085216000,30.8189,0.145,"[1.4218862745129912, 1.5385696841506975, 1.6247802086312424, 1.7047458370591053, 1.9694516190994336, 2.160507857813166, 2.354365405731803, 2.1251021147115954, 2.2186441571467355, 2.183152438205164, 2.0123645991437975, 1.5457826683138687, 1.3065431175726663, 1.1863251023848185, 0.8009742954991125, 0.7563591322436446, 0.8313600282821105]"
1749088816000,30.8189,0.145,"[1.4188259352644206, 1.5313772423981782, 1.6174186670492319, 1.7282139256490978, 1.9718357889258702, 2.16679954567946, 2.4297194486253746, 2.1729088176542346, 2.170960993506211, 2.0972646375131223, 1.9921615042752865, 1.5834444441181186, 1.3670311213110529, 1.2055216423829516, 0.8242895908438257, 0.7172821682169578, 0.9244123657410999]"
1749092416000,30.8189,0.145,"[1.3686479690355915, 1.5318738618009478, 1.6408977192893552, 1.751050011182273, 1.9754437759526302, 2.1762243328533106, 2.442141855936999, 2.2300204918495097, 2.1993374991653867, 2.114669334332037, 1.9869715211913617, 1.5732548374657875, 1.3166198271651819, 1.1535965546487625, 0.8324246586680737, 0.7383415699949804, 0.9967115524003072]"
1749096017000,30.8189,0.145,"[1.4326503722184054, 1.5160427102471332, 1.6299105870995754, 1.7348230576445185, 1.9747502734163265, 2.164217279568722, 2.3781176643448214, 2.173656015134492, 2.177993143498544, 2.112661871684403, 1.9763515254776518, 1.516880608396755, 1.305629395156519, 1.1695813895301663, 0.8089769242531871, 0.7337972851826806, 0.8289069716533985]"
1749099617000,32.369,0.17,"[1.3838406497681475, 1.5180100699357975, 1.630204071429259, 1.7431617236460435, 2.001257154033267, 2.1755452712019636, 2.379767802368527, 2.1711397905884953, 2.181975029012844, 2.111817924394382, 1.9717598277599597, 1.5244737102750543, 1.2921093033946607, 1.2015810607071529, 0.8198138814948297, 0.7253373157444893, 1.1131366678751513]"
1749103220000,32.369,0.17,"[1.3821008928861376, 1.5092007785771384, 1.5904072720447084, 1.6857966478886461, 1.9494562462275389, 2.151506615822198, 2.360399636027737, 2.1019023634696916, 2.1603214925632948, 2.1302909766430105, 2.0009759231797024, 1.5505772018360975, 1.2842558684976493, 1.1874646884565105, 0.785633356299035, 0.7065068583208144, 0.7114767367599449]"
1749106817000,32.369,0.17,"[1.37357902066142, 1.499976162850438, 1.5753012375786086, 1.6472291073791419, 1.9291864849358324, 2.13506553749041, 2.322938341075949, 2.049826632228043, 2.2858420615936885, 2.253909853094304, 2.0227075176296316, 1.5469904963171568, 1.3412918075295333, 1.1928201841383292, 0.7909813441697524, 0.7428445905287124, 0.7444160805580788]"
1749110416000,32.369,0.17,"[1.3920769392128893, 1.5212529855570802, 1.6030404848229756, 1.709602440023231, 1.9635413981530758, 2.171030783145462, 2.344902012924932, 2.0887719570411614, 2.247722034755936, 2.2013382192167836, 1.9904517824602634, 1.4792334535677512, 1.2182608625539733, 1.0871135486683923, 0.7460395162406942, 0.7183856534043392, 1.0698034054828245]"
1749114016000,32.369,0.17,"[1.363886014093439, 1.4984122145997594, 1.548418798697497, 1.6249863751793399, 1.877469763508744, 2.0821952738501577, 2.276955065835256, 2.0373403155709138, 2.2424533402819296, 2.2462102048905916, 2.0299216206747923, 1.5684296392284747, 1.3408637177210432, 1.170753144680703, 0.7596995492607205, 0.6644641511175312, 0.928671260068418]"
1749117616000,32.369,0.17,"[1.3743850459561957, 1.5071604006482258, 1.5665169984795606, 1.6098428446454096, 1.8878864427220652, 2.1085681934095177, 2.266697685421443, 2.0427575905223674, 2.275124391943812, 2.270109225281157, 2.053897699887821, 1.5876143050420948, 1.4093078503559475, 1.17701502788489, 0.7377384106853959, 0.6483006213476815, 0.871505737930143]"
1749121217000,32.369,0.17,"[1.3762932469703002, 1.5091241250799063, 1.5639151306540964, 1.6496011185977735, 1.9526082293732911, 2.1484524399762552, 2.29224149631942, 2.0596272376656493, 2.308834811500615, 2.3522932742842033, 2.1121080261035323, 1.7186166716974496, 1.4941933586188305, 1.225677894732744, 0.7793918772864717, 0.7231777197642528, 0.6194281064916644]"
1749124817000,32.369,0.17,"[1.0738012633627292, 1.1450201846926014, 1.330680946761883, 1.6714785203234397, 2.164170506648284, 2.4383129281134437, 2.3923995498004578, 2.1627578141318917, 2.236112046314162, 2.351564548779249, 2.2895869988404502, 2.067953895299691, 1.9153011827450048, 1.443078001162157, 0.9920742886419777, 0.8624457808946429, 0.7842150641545134]"
1749128416000,31.749,0.16,"[1.165018813676496, 1.2652846056689426, 1.4710738647292207, 1.747030800071283, 2.074955585763796, 2.3841993915131696, 2.3998629116798433, 2.1792392946768437, 2.2808951558299095, 2.3584703116153225, 2.262005476740662, 1.9601076488835505, 1.7857920795691826, 1.502556705405945, 1.012481869994621, 0.8862980203289431, 0.7650856478759656]"
1749132017000,31.749,0.16,"[1.1990337733661733, 1.1881815836273688, 1.4265229881945438, 1.7295240820747988, 2.1310638844435625, 2.427078933870772, 2.386294139095865, 2.122447393630008, 2.230807412629864, 2.353054995302138, 2.293626608260268, 1.9795994093152218, 1.7479133628244325, 1.3753248660983441, 0.9818489441552528, 0.7626295107200896, 0.691440306913319]"
1749135617000,31.749,0.16,"[1.244772403760403, 1.2584728901986073, 1.465872610185172, 1.7500669202111252, 2.1216501473247953, 2.397320181744831, 2.389923587133693, 2.1276881560926517, 2.2727922273145666, 2.3722115797694228, 2.283534049417035, 1.9829956775464581, 1.7439017968633594, 1.414660745383559, 0.9790344630845409, 0.8840775097403493, 0.889432569561422]"
1749139217000,31.749,0.16,"[1.198934387380432, 1.2774081910133024, 1.5158443652143836, 1.865781951954912, 2.2038494189710294, 2.4476413998966886, 2.4666122441435867, 2.2893259931210825, 2.310962360788155, 2.3449326394862933, 2.279091621117945, 2.0137162053068574, 1.8709551741247679, 1.5130054280184686, 1.0378222623252304, 0.9162893194256861, 0.85199929349926]"
1749142816000,32.369,0.17,"[1.2339058682158017, 1.2248136346626695, 1.4065280059163903, 1.7637778107118574, 2.167919156648977, 2.4401951076153887, 2.4451992626666224, 2.1974059823999155, 2.2432788006067597, 2.3159195973747355, 2.2605673532262993, 2.109776709406792, 1.9429150412772889, 1.3977324233241675, 0.9787948325318907, 0.8360420729846512, 0.6767196100713365]"
1749146416000,32.369,0.17,"[1.2206299980260986, 1.184288848105685, 1.3827287556123602, 1.708137191502662, 2.1523157903772137, 2.4055314837217883, 2.365791318456525, 2.1269347913834427, 2.2056482492912592, 2.3258214007960203, 2.2965742964754483, 2.1297250420590617, 1.8830791596171303, 1.3443937337272744, 0.9352721454930777, 0.7675061009161004, 0.8336305420747367]"
1749150017000,31.749,0.16,"[1.0933581499260092, 1.1489858864090008, 1.358585181236264, 1.6762270230279963, 2.159277103447635, 2.43601443457396, 2.3837337484503505, 2.1295087842745133, 2.2370988393229876, 2.3499881316974696, 2.296683039930071, 2.0858033959011926, 1.8703272447933974, 1.4379826236425928, 0.9690890616748401, 0.8594577627657138, 0.7591042823755767]"
1749153616000,31.749,0.16,"[1.137314712601122, 1.1398040959382199, 1.3536745505604761, 1.6899840365252359, 2.2089348338795785, 2.4400994174105564, 2.3876170928810176, 2.143811250363728, 2.2700806846885286, 2.3462764860479264, 2.3123221738337096, 2.221000141723324, 2.074822182652149, 1.5918404260321104, 0.9954294141808735, 0.9007275217505728, 0.8082200000885904]"
1749157216000,31.749,0.16,"[1.038091481878459, 1.1299986355964933, 1.3019657391957107, 1.6275907046858462, 2.151771025437705, 2.4373938790530683, 2.405422161039013, 2.173644721190418, 2.2574917048190426, 2.3643454818790355, 2.331835626108171, 2.1847720219069737, 1.973933943394499, 1.480990213148837, 1.0078288613142126, 0.868468329375008, 0.7636589824194682]"
1749160816000,31.749,0.16,"[0.9377185476260184, 1.0887198631680381, 1.2516656038389207, 1.5573336083301945, 2.0450261678244304, 2.342046279792751, 2.32953826887393, 2.056674311919803, 2.1933423721238365, 2.3376927040330266, 2.2712681291721695, 2.0964182555908217, 1.8989067298553841, 1.3890443144400402, 0.9385041411627812, 0.827346448645189, 0.7274717685999359]"
1749164417000,31.749,0.16,"[1.0850690311542401, 1.0632405750013416, 1.1635101031607102, 1.35748130590633, 1.7969836706268714, 2.133751645147687, 2.207626264117489, 1.9346849395646237, 2.2419212612686397, 2.295742516969513, 2.0564498298825433, 1.7126381117556388, 1.5382369710794999, 1.235332655949922, 0.7487736338587964, 0.7165312732324142, 0.5381879580848982]"
1749168017000,31.749,0.16,"[1.4101683212462988, 1.5437873338907973, 1.6508461077053453, 1.7639800117714626, 2.0117818206979194, 2.228485363479122, 2.4646497658279554, 2.2495400984081217, 2.167668248290424, 2.1314133735016343, 2.0374598108702524, 1.6007315633451904, 1.341573083179452, 1.2173046061841555, 0.8623094777744381, 0.7821754525050846, 1.095935749949881]"
1749171616000,31.749,0.16,"[1.392320826799958, 1.5484519882489258, 1.6170525645301561, 1.7162547907507626, 1.9455909165089753, 2.156425628232602, 2.368207695454761, 2.1344842671415, 2.204473614838353, 2.1950893993617866, 2.0636452773252016, 1.602014877594798, 1.3299489356390106, 1.1658079208517542, 0.8220612197836363, 0.7580357418130818, 0.8509641200970205]"
1749175216000,31.749,0.16,"[1.377976640074441, 1.524697615606235, 1.6477788080342144, 1.7690516956425895, 1.994630164615114, 2.19855799399115, 2.3866780135368426, 2.3235119121484638, 2.221356799353361, 2.0961353942519274, 2.003476045722515, 1.6268297683904644, 1.3773121609925858, 1.2404366705620287, 0.9004541538777352, 0.7949937053592364, 0.9894537131547021]"
1749178817000,32.369,0.17,"[1.4127162527530435, 1.5407935958289172, 1.6173978427320574, 1.744208097384367, 1.9976475116676844, 2.186160012584873, 2.3939903937796907, 2.1553068880546693, 2.1043691065231673, 2.079042167725553, 1.9916418220610994, 1.5472023219195643, 1.3038737905284719, 1.1842950780098767, 0.823220203844676, 0.7378797856100142, 0.9061719837068747]"
1749182417000,32.369,0.17,"[1.3715787558130816, 1.4998064902063426, 1.5861246615844347, 1.6914753852687021, 1.92523781320064, 2.164849293840606, 2.353916802241686, 2.097594918163917, 2.153171968995422, 2.130103282775013, 2.019675341783886, 1.6081514830092931, 1.3298429131720566, 1.1691073949415964, 0.802507632729384, 0.7029527301620513, 0.9674626116487465]"
1749186017000,30.5088,0.14,"[1.400328733087969, 1.5119399832765168, 1.5643574732833299, 1.6677226146290625, 1.9237282626485273, 2.1170941965028205, 2.283442736867928, 1.9880353452844979, 2.192506710873389, 2.1986279826033064, 2.0332454213398305, 1.573578225869142, 1.2947856571273337, 1.140597752078087, 0.7720081400647494, 0.6919292218857206, 0.884537239416563]"
1749189621000,30.5088,0.14,"[1.4370849451007452, 1.5414086443459472, 1.6109840401431663, 1.740775873424346, 1.9753171986089946, 2.210407047633708, 2.48884245430433, 2.241345938140554, 2.2136052523903333, 2.172791012187715, 2.0453373780854447, 1.6343293332911897, 1.3202410219911562, 1.1207831110841622, 0.7939521976393595, 0.7581113407090246, 0.8523961905030384]"
1749193217000,30.5088,0.14,"[1.3504783252596564, 1.4894977437177122, 1.5906765307360362, 1.7045409555834377, 1.9521375015497129, 2.1790286177032256, 2.378868903492461, 2.156842404043148, 2.160454330242863, 2.134835765472452, 2.0319790907157507, 1.5974386947974162, 1.335480498892493, 1.1857106907766115, 0.8144827942339846, 0.7484249630006582, 0.7958130446641535]"
1749196816000,30.5088,0.14,"[1.403123158249319, 1.5195527727075968, 1.584692055128871, 1.66341727730698, 1.9231215915474202, 2.162544024610882, 2.345455870623222, 2.105291538196109, 2.207025604104773, 2.2090553514448614, 2.0661332241907675, 1.6064397556213565, 1.3473346602825735, 1.1974526735237434, 0.7974397698167942, 0.7481090720825364, 0.8775277879710826]"
1749207616000,30.5088,0.14,"[1.3141700373521092, 1.4369966236089327, 1.473527470772223, 1.494702123423074, 1.7926597390015542, 2.015610681199682, 2.152545980621763, 1.9436972577806808, 2.227381220202885, 2.3086702563944317, 2.1103689519846323, 1.6967349617061986, 1.4697280828505412, 1.1988904774803695, 0.7238683398795999, 0.6799646631979147, 0.7247480227258518]"
1749211217000,30.5088,0.14,"[0.9021519280888634, 0.9944132267288697, 1.1631547988782067, 1.4150890367697808, 1.8787223108348163, 2.1697416225556627, 2.15902893560689, 1.8767175691520859, 2.1843041423953515, 2.3652492148199546, 2.2804660001920136, 2.0448953962416483, 1.8275682879651554, 1.415290954494082, 0.8177548585507936, 0.787694368296888, 0.6453031923392594]"
1749214816000,30.5088,0.14,"[1.0890315516971727, 1.094472692197479, 1.2953348604587442, 1.4791516444307553, 1.7938965608062714, 2.1002332019970136, 2.107265632478776, 1.8517423663309212, 2.1019778840959082, 2.331390660334503, 2.202580334143875, 1.9068836766747184, 1.653909881491051, 1.387895201291497, 0.8681102470942649, 0.7925793466255334, 0.6819470056913012]"
1749218416000,30.5088,0.14,"[1.1724462119318273, 1.1589300824846, 1.3692305218285217, 1.5621729667209443, 1.910612146743074, 2.1732040491808524, 2.1647299362291417, 1.8880696703564357, 2.135878269430684, 2.317415849141377, 2.231352498515356, 1.9322164698384987, 1.7202262472824228, 1.3714058792223318, 0.8761269769933506, 0.7621639554030002, 0.7007354223568059]"
1749222016000,30.5088,0.14,"[1.122853359776566, 1.2210899505651753, 1.4566860270245017, 1.790960717608485, 2.1185890156523306, 2.3401110546540638, 2.38141549179232, 2.3120783265694125, 2.431348272697406, 2.4566377987580807, 2.3399382936338995, 2.040465008099502, 1.7924228827931548, 1.4921116890487212, 1.0312404671421433, 0.9087816087191979, 0.8306951909641761]"
1749225616000,30.5088,0.14,"[1.2207076407990745, 1.2349980031880192, 1.4198114668360142, 1.7316030871819807, 2.0762606380932027, 2.3079146773968193, 2.3566081451215393, 2.2549876064076284, 2.3802973588728005, 2.432736881794924, 2.3309075503399757, 2.0815389916271716, 1.981344078354877, 1.5767053900896848, 1.019819233748791, 0.8880520778783865, 0.8246493283839139]"
1749229217000,31.1289,0.15,"[1.1883122414223073, 1.2097187368479365, 1.3983628664809116, 1.699750380328106, 2.0899898008406756, 2.3369155229923737, 2.3629421148793486, 2.2305681763066794, 2.3622085995525968, 2.4104182597310952, 2.320594820711165, 2.166098331062305, 1.9964498119609344, 1.4549944549247595, 0.999836793331535, 0.8635873792672157, 0.7264527158362891]"
1749232817000,31.1289,0.15,"[1.1629570582870834, 1.179076447038926, 1.337192444257134, 1.6403829074433502, 2.084482326917017, 2.319288054049478, 2.323347104106165, 2.181320514301025, 2.3018748492700967, 2.392683724860408, 2.3554393505576594, 2.181209984376686, 1.949917670534512, 1.4793961275981744, 0.9935336714709133, 0.8074491160554221, 0.7427235038085306]"
1749236416000,30.5088,0.14,"[0.9805008576837362, 1.099623610596597, 1.2761264152118166, 1.5634485643804492, 2.070082282873051, 2.32160311380357, 2.2944594300649412, 2.1100734755307995, 2.2697260755063504, 2.3601152327140023, 2.299720667725377, 2.1103505275736527, 1.950750706740477, 1.482254814096427, 0.9950801317137054, 0.8590055771127354, 0.7447300841561726]"
1749240017000,30.5088,0.14,"[1.0313380016731846, 1.0999215344420885, 1.2659058619080907, 1.5950998863403776, 2.0709277723706707, 2.332812369233251, 2.299600580086062, 2.119622813671048, 2.2809601396002637, 2.3613192262612346, 2.324695226715094, 2.2284016904037682, 2.0530181755002728, 1.597071533627006, 0.9716938649112788, 0.8566797257333717, 0.7443875146349523]"
1749243617000,30.5088,0.14,"[0.9711488515413566, 1.0868689808361935, 1.2315411022459009, 1.4777793689118581, 1.9916394325567885, 2.3184941620934296, 2.2975011030259083, 2.090963433459111, 2.2611494188151724, 2.367089696267813, 2.327837733102154, 2.1906561286692834, 1.9731247097379567, 1.4942290948602086, 0.9760240499296096, 0.8528378000970982, 0.7671144884355543]"
1749247217000,30.5088,0.14,"[0.9581042691368428, 1.0622118936286624, 1.2116539478227641, 1.4913355390237, 2.0021932633941293, 2.30887084905983, 2.292268215312396, 2.075324478269024, 2.243301212527742, 2.3663807122632825, 2.3112262470422578, 2.123126657421918, 1.9567505282787268, 1.4672641214218611, 0.9597013081043148, 0.8416501552797265, 0.7137929729423186]"
1749250816000,30.5088,0.14,"[1.13064455075486, 1.0932715000944113, 1.1724418199485391, 1.3633324175923986, 1.7676013747056303, 2.1001005409765874, 2.1787197155787488, 1.9979324888819159, 2.2621230973423643, 2.269784970055283, 2.0341641128344077, 1.7617177420525862, 1.6012627732571867, 1.2364839695550685, 0.7666895941116569, 0.7322015637534365, 0.5347473231187863]"
1749254416000,30.5088,0.14,"[1.3695995318933178, 1.4698316332292316, 1.5508088826468618, 1.596725103459704, 1.8235089912541445, 2.0526364429063393, 2.1908131998790252, 1.9377095386624739, 2.147801147735172, 2.1836670610960884, 2.025506231926169, 1.5167634781192987, 1.3214148690605112, 1.1893203967288428, 0.7599965763493008, 0.7290559670357877, 0.8612415659892296]"
1749258017000,30.5088,0.14,"[1.3811168929340811, 1.5142926126584106, 1.5937567945433755, 1.6833762101466703, 1.9066539192286558, 2.081875876874689, 2.26291569234513, 2.061941273996666, 2.1456463374777375, 2.1198112449741937, 1.9948826198012364, 1.5441172055612833, 1.3166486844041239, 1.1779917501547954, 0.7925487958073144, 0.7175795707563032, 1.12102586911774]"
1749430816000,29.2687,0.12,"[1.35074596863453, 1.4681983861664696, 1.5627832018023786, 1.585821318787146, 1.8353710104086038, 1.9727934969807113, 2.16038784347302, 1.968516747851881, 2.1427426190647365, 2.1726051685266374, 1.987227928393988, 1.5319579947787931, 1.3820076432344766, 1.1766847702447876, 0.7251089373694499, 0.6818008894988242, 0.8614004961352847]"
1749434417000,28.6487,0.11,"[1.4092928064295596, 1.5159406257654477, 1.6137484065306038, 1.706024204533842, 1.911040189229101, 2.1079047654863357, 2.2891154933137834, 2.158017478103452, 2.1725346721704595, 2.114329965242437, 2.0038726654279255, 1.5792767344205474, 1.3414066861416578, 1.2476835124061743, 0.821701598717209, 0.7467364717601567, 1.115131844565123]"
1749438016000,28.6487,0.11,"[1.370089395257166, 1.492837988493205, 1.5823052041526808, 1.6871652850590213, 1.9015237549869797, 2.0950811008751384, 2.2826601945556755, 2.1407190434466448, 2.154215477701153, 2.0838316070589027, 1.9738707863786331, 1.5869469581514453, 1.333445503076938, 1.214886820288447, 0.803055480854035, 0.7429404597480435, 1.1504202217186015]"
1749441617000,28.6487,0.11,"[1.3639549830237496, 1.501665372715961, 1.583791278743075, 1.700263171859502, 1.9270155129995772, 2.127263504952989, 2.2911234087079726, 2.2081102908019807, 2.1766803309623235, 2.087335845014959, 1.983012841635288, 1.5797205220250912, 1.3654759900628766, 1.2232316618051273, 0.8195272987652195, 0.751679510812503, 1.0618031255788223]"
1749445216000,29.8888,0.13,"[1.354662397386641, 1.486821291937822, 1.5705779651044054, 1.6951772857764205, 1.9109275961536485, 2.0837810010256175, 2.26949202886774, 2.1897157092414976, 2.2022957140941757, 2.092110996076579, 1.9829424127268884, 1.5825985219418306, 1.290793376661584, 1.2201182412437923, 0.8302725486420854, 0.7411452376943258, 0.7642647465745692]"
1749448820000,29.8888,0.13,"[1.353899905839887, 1.5076461171561302, 1.5814737536794123, 1.6684874015755062, 1.890320212752555, 2.082998076623297, 2.2503098190999076, 2.0747910759245256, 2.2071045872133577, 2.212198020868179, 2.0610958920557487, 1.611661881093592, 1.3455349419499438, 1.2255098528378825, 0.7996379925322983, 0.7652451314277179, 1.0649409334463833]"
1749452417000,29.8888,0.13,"[1.3364184275185251, 1.4626928382349236, 1.489120879209267, 1.4978279883032077, 1.7734001083147684, 1.9805471718718237, 2.1314349258240703, 1.894601653722171, 2.1208952020069614, 2.1750199133045345, 2.019060935477731, 1.5570023522152574, 1.331710599992823, 1.1657769554902848, 0.714066845211473, 0.6732887232391652, 0.7595633754789459]"
1749456017000,29.8888,0.13,"[1.3296490422066325, 1.4582181835317027, 1.5147504936518805, 1.5331483279586378, 1.7989141941893105, 1.9990794757106554, 2.1627285071976172, 1.929594170589459, 2.1699053534954547, 2.228096082710526, 2.026823134521741, 1.5695013488953402, 1.345869942347549, 1.1645566319176823, 0.7163137150373188, 0.6606809314446203, 0.8831561813789763]"
1749459616000,29.8888,0.13,"[1.30424311831974, 1.4266914057953022, 1.491946571281253, 1.5007793388938346, 1.7651912174157516, 1.9805440338850795, 2.1425836447791484, 1.8947287157965038, 2.1012672137348143, 2.1866018282003137, 2.0371312916126576, 1.5350977988643173, 1.3444106152988835, 1.183719429572195, 0.7127090545072433, 0.6785939892621905, 0.799073383775334]"
1749463216000,29.8888,0.13,"[1.3223719842288961, 1.4423425366084743, 1.488085527377131, 1.4748297056822213, 1.7517343483109706, 1.9693932818568367, 2.107731286422149, 1.8852586680089343, 2.1106385172761692, 2.1749113105415607, 2.0078953849188133, 1.5102841422162456, 1.318879462557829, 1.1914391142572824, 0.7177638423736001, 0.6586734330588451, 1.1682254117239999]"
1749466817000,29.8888,0.13,"[1.2981795370995175, 1.429287450198832, 1.4620130346274436, 1.449269712802001, 1.7338826808968233, 1.938537290271617, 2.0798767480119422, 1.7739586935560085, 2.144453039856525, 2.221486976633557, 2.011846304759723, 1.6343315351228758, 1.3797245392446926, 1.1128270683875157, 0.6994702771676533, 0.6615904567141913, 0.7342520656722139]"
1749470417000,29.8888,0.13,"[1.0013943706736157, 1.0010271265390216, 1.2007861985779364, 1.4179619669357473, 1.7980744458035984, 2.0487156834087448, 2.0978563662755247, 1.8583481355274216, 2.127647973163658, 2.2648618824947135, 2.1742912907601197, 1.9966108647079213, 1.7839400502548668, 1.3398771451428835, 0.8484778241448026, 0.7741738504168592, 0.7173273045425527]"
1749474016000,29.8888,0.13,"[1.0726105975110858, 1.1141492324527844, 1.3582960700905102, 1.5005937438389556, 1.7883809787697016, 2.0181050271519534, 2.0332196750198617, 1.8214691460980617, 2.1117172838368106, 2.3241158369424495, 2.1805704409835225, 1.8221142557293988, 1.6473200474185499, 1.3756571188146047, 0.8594173653856385, 0.7842415456906886, 0.7231794177656153]"
1749477617000,29.8888,0.13,"[1.1299994086938807, 1.1286231572307222, 1.3880592060213308, 1.5570525587835526, 1.8518172906965933, 2.038667698242263, 2.0659380349424583, 1.8398344521446734, 2.1543275551720815, 2.268015215747785, 2.1494567054829443, 1.9074713088736057, 1.7159534686995777, 1.3675765050448827, 0.8648467331051605, 0.7237415778233692, 0.6847836693748638]"
1749481216000,29.8888,0.13,"[1.1262504836272138, 1.1264208857534372, 1.337423909459642, 1.5378414050917553, 1.875788516702429, 2.114107291296481, 2.159658759045898, 1.8664181199953567, 2.161580582108047, 2.2983746825704254, 2.1842108607343644, 1.9053706659268257, 1.7551236095027827, 1.386566477746233, 0.8581958336572157, 0.7854375323180605, 0.7047639509654655]"
1749484816000,29.8888,0.13,"[1.1929731769197307, 1.1797905753950124, 1.3559434911681072, 1.6135006553785518, 2.006489955172892, 2.285155037044266, 2.272373388848943, 2.061709310370576, 2.2347606636114614, 2.3335442588173665, 2.241595295882912, 1.989777931637259, 1.8616283866083636, 1.46504412812666, 0.9171053362698776, 0.8091354596221468, 0.8146765308579229]"
1749488417000,29.8888,0.13,"[1.218852981451543, 1.1831516018363522, 1.3566937351328352, 1.6231206632557078, 2.0197861882696957, 2.2583939718410218, 2.2661259554318285, 2.0451868695126976, 2.2294257404958504, 2.3212470785571786, 2.2271940005416297, 2.047249452600473, 1.8763445158776204, 1.3589624010906183, 0.8797859510656139, 0.7879759155663911, 0.7025578357636608]"
1749492016000,29.8888,0.13,"[1.224309048704682, 1.1607592195147596, 1.322861472710879, 1.578583420112348, 1.9712455984502104, 2.2653456309478406, 2.262602622066021, 2.0019789270775843, 2.13757872358763, 2.2668279526305266, 2.248530268896061, 2.0935239725940953, 1.8867447505681185, 1.3744606890387707, 0.8742520621490997, 0.7318510716368931, 0.8865722896833025]"
1749495617000,29.8888,0.13,"[1.1235848350637734, 1.087373054706098, 1.2827171849818024, 1.5775384026841153, 2.000526480678175, 2.2602888176735014, 2.245764312629628, 1.9925863948329086, 2.201796165802897, 2.317727930858429, 2.2557968033673195, 2.0575183452631802, 1.8124692155087867, 1.4006427486271504, 0.9218857065384268, 0.833600198992682, 0.8104729591840314]"
1749499217000,29.8888,0.13,"[1.0785896008198095, 1.104755085029251, 1.3129192575544968, 1.6069445543021552, 2.033220226735468, 2.2843336723502885, 2.2445013804765224, 2.0565880855904632, 2.248748544110441, 2.3217132508526364, 2.270666801098474, 2.171084933377253, 1.9838350777564742, 1.5386535303424675, 0.9553428939357173, 0.8647683975006951, 0.8057567072779889]"
1749502816000,29.8888,0.13,"[0.9570889116429535, 1.0781893832726486, 1.264205686825056, 1.5311903779731588, 1.983201679910318, 2.2920327574530184, 2.2761942743380885, 2.1073932851585613, 2.2760715206023177, 2.371544771228502, 2.3310606695858587, 2.190575613092834, 1.9886726021563332, 1.4757921560438727, 0.9772947884306513, 0.8419880563703332, 0.7310473377459521]"
1749506417000,29.8888,0.13,"[0.9444534282786267, 1.0554463690234452, 1.2497975239893007, 1.5123919051547967, 1.9353793862029027, 2.266399396510836, 2.2370121454242224, 2.0296500735136953, 2.245234466273679, 2.354714638629039, 2.2877411585024134, 2.1301947154534613, 1.9216400175631105, 1.4717838551603895, 0.9291063029597517, 0.8310868899422038, 0.7079449413885724]"
1749510017000,29.8888,0.13,"[1.1490705450084464, 1.1111975910155683, 1.165960264440522, 1.3570567665724402, 1.7668612352321273, 2.073830459438624, 2.1537759439237236, 1.9159507575179777, 2.2491824780347196, 2.287578973529928, 2.025472669284981, 1.762728557225221, 1.6081466605087464, 1.2147926036259338, 0.7214900151666166, 0.7083504460563783, 0.5430434631087512]"
1749513617000,29.8888,0.13,"[1.308047181274003, 1.4661096008085492, 1.5591421697633783, 1.6156725148864894, 1.8641568734502991, 2.03352185431515, 2.1860371639148535, 1.9540931289855252, 2.177239250648583, 2.187494676629233, 2.0062512082882153, 1.4670690485201343, 1.2562142620865158, 1.1336528581508256, 0.7376882858238512, 0.7103635437633927, 0.8178152291896894]"
1749517216000,29.8888,0.13,"[1.3484659110336357, 1.4804317507974356, 1.572828422469252, 1.6459648641549998, 1.8819042928439074, 2.080366914863098, 2.2611957830746574, 2.067157032103354, 2.215041699634976, 2.2345765890447704, 2.0578056911955986, 1.5542868646467465, 1.3748408017690412, 1.249516712219451, 0.7755783005284395, 0.7136118990139386, 0.9121446139863688]"
1749520817000,29.8888,0.13,"[1.3642471063784718, 1.4908261090182184, 1.5726483485444456, 1.6287428491409741, 1.8708746088457553, 2.0370239840153586, 2.194552898012945, 2.01542638161195, 2.1713525732832037, 2.190111317898551, 2.0456466550947137, 1.5722177570756002, 1.4063772593895087, 1.1946117467723665, 0.742665834213045, 0.7012036068486226, 0.9501043904113309]"
1749524417000,29.8888,0.13,"[1.32975370734329, 1.4737012759630248, 1.5483734977699146, 1.617265211743374, 1.8770545779807881, 2.0476973630500037, 2.2317360941749724, 1.9958816933091195, 2.19609863247723, 2.2105864060185225, 2.0383777264194665, 1.5418534121968184, 1.341425528162186, 1.1865430197390847, 0.7443713563013797, 0.6904346933650408, 1.1580658888538677]"
1749528017000,29.8888,0.13,"[1.3612549775079401, 1.533851504897226, 1.6222568864126268, 1.684083394398998, 1.9115744214768304, 2.09302967846236, 2.281030842395841, 2.029379687137964, 2.224031848784612, 2.2219752101052554, 2.040796727041491, 1.5801858424064312, 1.243528610869926, 1.0687805901787197, 0.7363084913736019, 0.7369702455086936, 1.1878918478060365]"
